title,harga,review
"Smart Watch for Men and Women - Alexa Built-in Smartwatch with Heart Rate, Sleep and Blood Oxygen Monitor,24/7 Heart Rate Auto Image Correction, Portable Smartwatch Dynaudio Speakers (Black)",$31.99,4.3 out of 5 stars
"ENOMIR Smart watch for Women Men with Bluetooth Call,Smartwatch with Alexa Built-in,Heart Rate SpO2 Sleep Monitor,5ATM Waterproof,Step Calorie Activity Trackers and Smartwatches for iOS&Android Phones",$59.99,4.1 out of 5 stars
"S3 Smart Watch (Answer/Make Call) Bluetooth Fitness Tracker with Heart Rate, Blood Oxygen Monitor, Sleep Monitor IP68 Waterproof 1.83-inch HD Color for Men Women Compatible iPhone & Android",$39.99,4.2 out of 5 stars
"AGPTEK Smart Watch for Women, Smartwatch for Android and iOS Phones IP68 Waterproof Activity Tracker with Full Touch Color Screen Heart Rate Monitor Pedometer Sleep Monitor, Pink",$43.99,4.1 out of 5 stars
"Amazfit Bip 5 Smart Watch with Ultra Large Screen, Bluetooth Calling, Alexa Built-in, GPS Tracking, 10-Day Long Battery Life, Health Fitness Tracker with Heart Rate, Blood Oxygen Monitoring- Black",$89.00,4.2 out of 5 stars
"TORJALPH Smart Watch for Men Women Compatible with iPhone Samsung Android Phone 1.69 inch Full Touch Screen IP68 Waterproof Bluetooh Fitness Tracker Heart Rate / Sleep Monitor, Black",$18.99,4.1 out of 5 stars
"Fitpolo Smart Watch for Men Women,1.8"" Touchscreen Fitness Tracker Bluetooth Call Alexa SpO2 Heart Rate Monitor Sleep Calorie Step Counter Waterproof Activity Tracker and Smartwatch for Android iPhone",$59.99,4.2 out of 5 stars
"SKG Smart Watch, Fitness Tracker with 5ATM Swimming Waterproof, Health Monitor for Heart Rate, Blood Oxygen, Sleep, 1.7'' Touch Screen Bluetooth Smartwatch Fitness Watch for Android-iPhone iOS, V7",$29.99,4.0 out of 5 stars
"Fitpolo Smart Watch for Women Android & iPhone, Alexa Built-in [1.8"" HD Screen] IP68 Waterproof Fitness Watch with Bluetooth Call (Answer/Make), Heart Rate/Sleep/SpO2 Monitor, 100 Sports Trackers",$53.99,4.1 out of 5 stars
"Fitpolo Fitness Tracker with Heart Rate Monitor, Smart Watch 1.8 inches Color Touch Screen IP68 Waterproof Step Calorie Counter Sleep Monitoring Pedometer Watches Activity Tracker for Women Men Kids",$39.99,4.1 out of 5 stars
"Amazfit Bip 3 Smart Watch for Android iPhone, Health Fitness Tracker with 1.69"" Large Display,14-Day Battery Life, 60+ Sports Modes, Blood Oxygen Heart Rate Monitor, 5 ATM Water-resistant (Black)",$59.32,4.2 out of 5 stars
"Smart Watch for Men Women Compatible with iPhone Samsung Android Phone 1.69 inch Full Touch Screen IP68 Waterproof Bluetooh Fitness Tracker Heart Rate / Sleep Monitor, Black",$18.99,4.1 out of 5 stars
"Fossil Gen 6 44mm Touchscreen Smart Watch for Men with Alexa Built-In, Fitness Tracker, Activity Tracker, Sleep Tracker, GPS, Speaker, Music Control, Smartphone Notifications",$219.00,4.1 out of 5 stars
"Smart Watch (Answer/Make Calls), 2024 Newest 1.85 Inch Fitness Tracker, Heart Rate/Sleep Monitor/Pedometer/Calories, Multiple Sports Modes, Waterproof Women's Men's Fitness Watch for Android iPhone",$28.99,3.9 out of 5 stars
"Smart Watch for Men/Women with Bluetooth Call and Message Reminder, 1.85"" HD Touch Screen Fitness Watch, Heart Rate/Sleep/Blood Oxygen/Steps Monitor, 112+ Sport Mode, Activity Trackers for Android iOS",$29.99,4.4 out of 5 stars
"TOOBUR Smart Watch for Women Alexa Built-in, 1.95"" Fitness Tracker with Answer/Make Calls, IP68 Waterproof/Heart Rate/Blood Oxygen/Sleep Tracker/100 Sport Modes, Fitness Watch Compatible Android iOS",$49.99,4.2 out of 5 stars
"Smart Watch for Men Women (Answer/Make Call), 2"" Smartwatch for Android Phones and iPhone Compatible, IP68 Waterproof Fitness Watch with Heart Rate Monitor Blood Oxygen Sleep Tracker, Black",$29.99,4.2 out of 5 stars
"RUIMEN Smart Watches for Women Men (Answer/Make Calls) Compatible with iPhone/Android Phones, 1.85"" HD Screen Fitness Tracker Heart Rate Monitor 100+ Sports Tracker Watch Waterproof (Purple)",$39.99,4.3 out of 5 stars
"Smart Watch (Answer/Make Calls), 1.85"" Smart Watches for Men Women 110+ Sport Modes Fitness Tracker with Sleep Heart Rate Monitor, Pedometer, IP68 Waterproof Fitness Watch for iOS Android Smart Watch",$29.99,4.0 out of 5 stars
"Hvlgmrc Military Smart Watch for Men 1.96 Inches Outdoor Sports Smartwatch with Answer/Make Call,Fitness Watch,Blood Oxygen,Heart Rate and Sleep Monitor Compatible with iPhone and Android Phones",$39.99,4.5 out of 5 stars
"IOWODO Smart Watch for Men Women - 1.85''HD Screen with Make and Answer Calls, with AI Voice Assistant, SpO2/Heart Rate/Sleep Monitor, 100+ Sports Modes, Smartwatch for Android and iOS (2 Straps)",$35.99,4.6 out of 5 stars
"Iaret Smart Watch for Women(Call Receive/Dial), Fitness Tracker Waterproof Smartwatch for Android iOS Phones 1.7"" HD Full Touch Screen Digital Watches with Heart Rate Sleep Monitor Pedometer, Gold",$49.99,4.0 out of 5 stars
"Smart Watch for Women Men, (Answer/Make Calls) Smartwatch for Android and iOS Phones IP68 Waterproof Activity Tracker with Full Touch Color Screen Heart Rate Sleep Monitor Pedometer AI Voice Control",$25.99,4.7 out of 5 stars
"Smart Watch(Answer/Make Call), 1.85"" Smartwatch for Men Women IP68 Waterproof, 110+ Sport Modes, Fitness Activity Tracker, Heart Rate Sleep Monitor, Pedometer, Smart Watches for Android iOS, 2023",$29.99,4.1 out of 5 stars
"Smart Watch for Men Women, 1.85"" Smartwatch (Answer/Make Call), IP68 Waterproof Fitness Tracker, 100+ Sport Modes, Heart Rate Monitor, Sleep Monitor, Pedometer, Smartwatches for Android iOS, Black",$39.99,4.6 out of 5 stars
"Smart Watch Men Women with Alexa, Bluetooth Call & Text, 1.8"" Smartwatch Heart Rate SpO2 Sleep Monitor for Android iOS Phone, 5ATM Waterproof Step Calorie Fitness Tracker Watch, 7-Day Battery",$59.99,4.3 out of 5 stars
"Military Smart Watch for Men(Answer/Dial Calls),1.43"" AMOLED Always-on Display,Fitness Tracker 126+ Sports Modes/IP68/Heart Rate/Sleep/SpO2/Blood Pressure,Tactical Outdoor Rugged Watch for iOS Android",$59.99,4.3 out of 5 stars
"Fullmosa Retro Leather Bands Compatible with Apple Watch 42mm 44mm 45mm 49mm for Men Women, Top Grain Real Leather Strap for iWatch Ultra Series 9/8/7/6/5/4/3/2/1/SE/SE2,Dark Coffee+Black Buckle",$9.99,4.4 out of 5 stars
"GEAK 15 Pack Bands Compatible with Fitbit Versa 4 Bands/Versa 3 Bands/Fitbit Sense/Sense 2 Bands,Soft Replacement Waterproof Sport Watch Strap Wristband for Fitbit Sense 2 Bands for Women Men Large",$24.99,4.6 out of 5 stars
"MoKo Titanium Band Compatible with Apple Watch Ultra 2 Strap 49mm 45mm 44mm 42mm, Metal Strap with Folding Clasp for iWatch Ultra SE Series 9 8 7 6 5 4 3 2 1 Replacement Wristbband for Men",,4.3 out of 5 stars
"HITZEE Compatible with Apple Watch Band 45mm 44mm 42mm Business Stainless Steel Metal Strap Men Women Link Bands with Case Compatible for Apple Watch SE Series 9 8 7 6 5 4 3 2 1, 42/44/45mm Black",$18.88,4.3 out of 5 stars
"CHANCHY 4 Pack Compatible with Fitbit Versa 2 Screen Protector Case, Soft TPU Full Protective Case Cover Bumper Bling Crystal Diamond Frame for Fitbit Versa 2 Smart Watch, Rose Gold/Pink/Silver/Black",$11.99,4.7 out of 5 stars
